jobSeekerId,jobId,appliedDate,proposedRate,status
JS1,J1,2026-08-01,55,Hired
JS11,J1,2026-08-01,52,Rejected
JS1,J2,2026-08-20,58,Applied
JS11,J2,2026-08-21,52,Applied
JS2,J3,2026-08-18,60,Shortlisted
JS12,J3,2026-08-19,58,Applied
JS2,J4,2026-08-22,60,Hired
JS12,J5,2026-08-02,58,Hired
JS3,J6,2026-07-15,65,Hired
JS3,J7,2026-08-25,65,Shortlisted
JS13,J7,2026-08-25,62,Applied
JS13,J8,2026-08-26,62,Applied
JS5,J9,2026-08-10,50,Shortlisted
JS4,J10,2026-07-01,40,Hired
JS6,J11,2026-07-20,35,Hired
JS15,J12,2026-06-15,38,Hired
JS14,J13,2026-08-24,46,Applied
JS7,J14,2026-05-10,45,Hired
JS7,J15,2026-08-23,45,Applied
JS9,J16,2026-08-12,48,Shortlisted
JS9,J17,2026-08-27,48,Applied
JS8,J18,2026-08-05,50,Hired
JS10,J19,2026-08-20,42,Applied
JS1,J20,2026-08-27,55,Applied
JS11,J20,2026-08-27,52,Applied
