name,category
Plumbing Repair,Plumbing
Pipe Installation,Plumbing
Water Heater Repair,Plumbing
Electrical Wiring,Electrical
Circuit Breaker Repair,Electrical
Lighting Installation,Electrical
AC Repair,HVAC
AC Installation,HVAC
Furnace/Heating Repair,HVAC
Carpentry,Carpentry
Furniture Assembly,Carpentry
Painting,Painting & Finishing
Drywall Repair,Painting & Finishing
Flooring Installation,Painting & Finishing
Appliance Repair,Appliance Repair
Masonry,Masonry & Structural
Locksmith Services,Specialty Trades
Pest Control,Specialty Trades
